metric,raw,calibrated
log_loss,1.3340399765859037,1.4676929289602405
brier_multiclass,0.5635606555164472,0.5820479341058755
