metric,raw,calibrated
log_loss,1.3547032472326408,1.5271849285857948
brier_multiclass,0.5811657160605168,0.5467891855941175
