index,cal,raw
A,0.153209015045952,0.14082521596220288
D,0.08670614318440972,0.07078783623945956
H,0.16111417694224806,0.15761441932125883
