{
  "trades": 57,
  "roi_total": -0.19408399820180025,
  "hit_rate": 0.2807017543859649,
  "turnover": 1.3212175715772227,
  "sharpe_like": -0.6634088339182616,
  "max_drawdown_abs": -345.5227842366568,
  "max_drawdown_pct": -0.32346957562565787
}