{
  "trades": 75,
  "roi_total": -0.4064952307498618,
  "hit_rate": 0.29333333333333333,
  "turnover": 2.3341278693183622,
  "sharpe_like": -0.3787181400314402,
  "max_drawdown_abs": -628.4456758919656,
  "max_drawdown_pct": -0.5530368142644339
}