{
  "trades": 57,
  "roi_total": -0.06347860724852743,
  "hit_rate": 0.2807017543859649,
  "turnover": 0.5730229109096113,
  "sharpe_like": -0.6634088339182616,
  "max_drawdown_abs": -146.48843808711638,
  "max_drawdown_pct": -0.14259962803284584
}